product_cost,product_cost_actucal,product_cost_offer_percentage,product_name,product_rating_count
$49.99,$49.99,31,"bopmen Computer Headset with Microphone - Wired Gaming Headphones with Boom Mic, On-Line Volume Control & Share-Port Over Ear Headsets for Office PC Laptop Phone Call PS4 Xbox One DJ",443
$49.99,$49.99,39,"Ajsaki K9 PS4 Gaming Headset, Stereo PS4/PS5 Headset with Microphone, Gaming Headphones with RGB LED Lights, Noise Cancelling, Over-Ear Headphones for PC, PS4, PS5, Nintendo Switch, Xbox One, Mac","<span class=""a-size-base s-highlighted-text-padding aok-inline-block s-coupon-highlight-color"">Save $3.00</span>"
$79.99,$79.99,39,"BENGOO G9000 Stereo Gaming Headset for PS4 PC Xbox One PS5 Controller, Noise Cancelling Over Ear Headphones with Mic, LED Light, Bass Surround, Soft Memory Earmuffs for Laptop Mac Nintendo NES Games",39
$79.99,$79.99,36,"Razer Kraken X Ultralight Gaming Headset: 7.1 Surround Sound - Lightweight Aluminum Frame - Bendable Cardioid Microphone - for PC, PS4, PS5, Switch, Xbox One, Xbox Series X|S, Mobile - Black","83,709"
$59.99,$59.99,19,"Razer Kraken Gaming Headset: Lightweight Aluminum Frame, Retractable Noise Isolating Microphone, For PC, PS4, PS5, Switch, Xbox One, Xbox Series X & S, Mobile, 3.5 mm Audio Jack – Green","26,273"
$59.99,$59.99,28,"Gaming Headset for PS4 PS5 Xbox One Switch PC with Noise Canceling Mic, Deep Bass Stereo Sound","36,886"
$39.99,$39.99,49,"Donerton Gaming Headset, Over-Ear Gaming Headphones with Noise Canceling Mic, Stereo Bass Surround Sound, Soft Memory Earmuffs LED Light PS4 Gaming Headset Compatible with PC, Laptop, PS4, PS5, Red","6,512"
$39.99,$39.99,79,"Corsair HS60 PRO - 7.1 Virtual Surround Sound Gaming Headset with USB DAC - Works with PC, Xbox Series X, Xbox Series S, Xbox One, PS5, PS4, and Nintendo Switch - Carbon (CA-9011213-NA)","4,748"
$69.99,$69.99,199,"SteelSeries Arctis 1 Wireless Gaming Headset – USB-C – Detachable Clearcast Microphone – for PC, PS4, Nintendo Switch and Lite, Android – Black","2,345"
$69.99,$69.99,19,"Corsair VOID RGB Elite Wireless Premium Gaming Headset with 7.1 Surround Sound - Discord Certified - Works with PC, PS5 and PS4 - White (CA-9011202-NA)",531
$99.99,$99.99,36,"Razer BlackShark V2 X Gaming Headset: 7.1 Surround Sound - 50mm Drivers - Memory Foam Cushion - for PC, PS4, PS5, Switch, Xbox One, Xbox Series X|S, Mobile - 3.5mm Audio Jack - Black",688
$99.99,$99.99,22,Razer Kraken V3 Pro HyperSense Wireless Gaming Headset w/Haptic Technology: Triforce Titanium 50mm Drivers - THX Spatial Audio - Hyperspeed Wireless - Hybrid Fabric & Leatherette Memory Foam Cushions,"8,525"
$42.99,$42.99,99,"Gaming Headset for PS4 PS5 Xbox One PC Switch Laptop with 7.1 Surround Sound, Gaming Headphones with Noise Canceling Mic","23,636"
$42.99,$42.99,29,"Razer Kraken Tournament Edition THX 7.1 Surround Sound Gaming Headset: Retractable Noise Cancelling Mic - USB DAC - for PC, PS4, PS5 Nintendo Switch, Xbox One, Xbox Series X, & S, Mobile – Green","16,714"
$49.99,$49.99,36,"HyperX Cloud II - Gaming Headset, 7.1 Surround Sound, Memory Foam Ear Pads, Durable Aluminum Frame, Detachable Microphone, Works with PC, PS5, PS4, Xbox Series X|S, Xbox One – Gun Metal","19,049"
$49.99,$49.99,79,"BINNUNE Wireless Gaming Headset with Microphone for PC PS4 PS5 Playstation 4 5, 2.4G Wireless Bluetooth USB Gamer Headphones with Mic for Laptop Computer",165
$42.99,$42.99,99,"Orzly Gaming Headset for PC and Gaming Consoles PS5, PS4, Xbox Series X | S, Xbox ONE, Nintendo Switch & Google Stadia Stereo Sound Headphones with Noise Cancelling mic - Hornet RXH-20 Abyss Edition",559
$42.99,$42.99,139,"Turtle Beach Stealth 600 Gen 2 Wireless Gaming Headset for Xbox Series X & Xbox Series S, Xbox One & Windows 10 PCs with 50mm Speakers, 15Hour Battery life, Flip-to-Mute Mic and Spatial Audio - Black","8,101"
$99.99,$99.99,79,"HyperX Cloud Stinger Core - Wireless Gaming Headset, for PC, 7.1 Surround Sound, Noise Cancelling Microphone, Lightweight","48,905"
$69.99,$69.99,39,"SOMIC Stereo Gaming Headset with Mic for PS4, PS5, Xbox One, PC, Mobile Phone, 3.5MM Sound Detachable Cat Ear Headphones Lightweight Self-Adjusting Over Ear Office Headphones G951S Black","17,102"
$69.99,$69.99,49,"HyperX Cloud Core - Gaming Headset, for PC, 7.1 Surround Sound, Memory Foam Ear Pads, Durable Aluminum Frame, Detachable Noise Cancelling Microphone","1,372"
$69.99,$69.99,179,"Corsair Virtuoso RGB Wireless Gaming Headset - High-Fidelity 7.1 Surround Sound w/Broadcast Quality Microphone - Memory Foam Earcups - 20 Hour Battery Life - Works with PC, PS5, PS4 - Pearl","7,098"
$69.99,$69.99,59,"Turtle Beach Recon 50 Xbox Gaming Headset for Xbox Series X, Xbox Series S, Xbox One, PS5, PS4, PlayStation, Nintendo Switch, Mobile & PC with 3.5mm - Removable Mic, 40mm Speakers - Black","37,468"
$79.99,$79.99,39,"SteelSeries Arctis 3 Console - Stereo Wired Gaming Headset for Playstation 5/4, Xbox Series X|S, Nintendo Switch, VR, Android and iOS - White","18,423"
$79.99,$79.99,299,"Turtle Beach Recon Spark Gaming Headset for Xbox Series X, Xbox Series S, Xbox One, PS5, PS4, PlayStation, Switch, PC, and Mobile with 3.5mm - Flip-Up Mic, 40mm Speakers, and PC Splitter Cable","6,051"
$139.99,$139.99,57,"Logitech G335 Wired Gaming Headset, with Flip to Mute Microphone, 3.5mm Audio Jack, Memory Foam Earpads, Lightweight, Compatible with PC, Playstation, Xbox, Nintendo Switch – Black",436
$139.99,$139.99,43,"Logitech G432 Wired Gaming Headset, 7.1 Surround Sound, DTS Headphone:X 2.0, Flip-to-Mute Mic, PC (Leatherette) Black/Blue","6,512"
$21.98,$21.98,24,JBL Quantum ONE - Over-Ear Performance Gaming Headset with Active Noise Cancelling - Black,758
$21.98,$21.98,97,"NUBWO G06 Wireless Gaming Headset with Microphone for PS5, PS4, PC, Mac, 3-in-1 Gamer Headphones wit Mic, 2.4GHz Wireless for Playstation Console, Bluetooth Mode for Switch, Wired Mode for Controller","3,471"
$39.99,$39.99,59,"HONSENN Bluetooth Wireless Gaming Headset with Microphone-Spatial Surround Sound-Bendable Noise Canceling Mic-Comfortable Foam Ear Cushions-PC, Mobile, PS-Compatible with All 3.5mm Audio Jack Devices","3,657"
$39.99,$39.99,79,PDP Gaming LVL50 Wireless Stereo Headset With Noise Cancelling Microphone: Black Camo - PS5/PS4,"3,796"
$49.99,$49.99,29,"SENZER SG500 Surround Sound Pro Gaming Headset with Noise Cancelling Microphone - Detachable Memory Foam Ear Pads - Portable Foldable Headphones for PC, PS4, PS5, Xbox One, Switch","67,961"
$49.99,$49.99,12,"Turtle Beach Recon 70 PlayStation Gaming Headset for PS5, PS4, PlayStation, Xbox Series X, Xbox Series S, Xbox One, Nintendo Switch, Mobile, & PC with 3.5mm - Removable Mic, 40mm Speakers - Black","14,801"
$24.99,$24.99,34,"BENGOO V-4 Gaming Headset for Xbox One, PS4, PC, Controller, Noise Cancelling Over Ear Headphones with Mic, LED Light Bass Surround Soft Memory Earmuffs for PS2 Mac Nintendo 64 PS5 Games","1,338"
$24.99,$24.99,39,Gaming Headset PC Black with Cool RGB Lights Noise Canceling Over Ear Gaming Headphones with Microphone and Comfortable Earmuffs for PS4 PS5,"8,857"
$129.99,$129.99,22,"ASTRO Gaming A20 Wireless Headset Gen 2 for Xbox Series X | S, Xbox One, PC & Mac - White /Green","12,579"
$129.99,$129.99,110,"EKSA E1000 USB Gaming Headset for PC - Computer Headphones with Microphone/Mic Noise Cancelling, 7.1 Surround Sound Wired Headset&RGB Light - Gaming Headphones for PS4/PS5 Console Laptop",558
$319.00,$319.00,194,"Corsair HS35 - Stereo Gaming Headset - Memory Foam Earcups - Works with PC, Mac, Xbox Series X, Xbox Series S, Xbox One, PS5, PS4, Nintendo Switch, iOS and Android - Carbon (CA-9011195-NA)",982
$319.00,$319.00,169,"Bluedee Gaming Headsets, Lossless Bass Surround, Extra-Thick Over-Ear Gaming Headphones, Light&Durable Fiberglass Frame, Wired Gaming Headset with Microphone for PS4/PS5/PC/Xbox/Switch",43
$199.95,$199.95,199,"PDP Gaming LVL40 Stereo Headset with Mic for Xbox One, Series X|S - PC, iPad, Mac, Laptop Compatible - Noise Cancelling Microphone, Lightweight, Soft Comfort On Ear Headphones, 3.5mm jack - Black",780
$199.95,$199.95,89,"Victrix Gambit Black Wireless and Wired Gaming Headset with Mic - Microsoft Xbox One, Series X|S, PC - Esports-Ready Pro Audio, Noise Cancelling Microphone, Ultra-Comfort Over the Ear Headphones","1,787"
$149.99,$149.99,21,"EPOS I SENNHEISER GSP 670 Wireless Gaming Headset, Low-Latency Bluetooth, 7.1 Surround Sound, Noise-Cancelling Mic, Flip-to-Mute, Audio Presets, For Windows PC, PS4, and Smartphones , Black","8,155"
$149.99,$149.99,119,"HyperX CloudX, Official Xbox Licensed Gaming Headset, Compatible with Xbox One and Xbox Series X|S, Memory Foam Ear Cushions, Detachable Noise-Cancelling Mic, in-line Audio Controls, Silver",682
$45.99,$45.99,39,"2.4Ghz Wireless Gaming Headset for PS5, PS4, PC, Nintendo Switch with Microphone, Over-Ear Bluetooth Gaming Headphones for Cell Phone, Soft Earmuff - 25 Hours Playtime, Only Wired Mode for Xbox Series",456
$45.99,$45.99,12,"PC Gaming Headphone Stand, Dual Headset Hanger Hook Holder with Adjustable & Rotating Arm Clamp, Under Desk Design, Universal Fit, Built in Cable Clip Organizer EURPMASK",765
$29.99,$29.99,19,Wage Universal Wired Gaming Headset - Black/Blue (WMANY-N116),7
$29.99,$29.99,29,"Combatwing Gaming Headset with Microphone for Playstation 5, Double Head Beam Suspended Soft Soft Memory Earmuffs, 7.1 Surround Sound Wired Headset LED Light for PS5, PC, PS4, iMac, Laptop","1,707"
$36.99,$36.99,99,"ASTRO Gaming A40 TR Wired Headset + MixAmp Pro TR with Dolby Audio for PlayStation 5, PlayStation 4, PC, Mac - Black/Blue","2,873"
$36.99,$36.99,69,"Gaming Headset, UNIOJO Xbox One Headset, PS4 Headset, Professional Gaming Headphones with Microphone, Vibration Effect, LED Light, Noise Cancelling Headset for PS4 PS5 Controller Xbox One X, PC Laptop","4,087"
$79.99,$79.99,23,"Corsair HS70 Pro Wireless Gaming Headset - 7.1 Surround Sound Headphones for PC, MacOS, PS5, PS4 - Discord Certified - 50mm Drivers – Carbon","27,780"
$79.99,$79.99,27,"HyperX Cloud Stinger Core – Wireless Gaming Headset, for PS4, PS5, PC, Lightweight, Durable Steel Sliders, Noise-Cancelling Microphone - White",882
$42.99,$42.99,36,"Nivava K12 White USB Gaming Headset for PC, PS5, 7.1 Surround Sound PS4 Headset with Noise Cancelling Microphone, Over-Ear Headphone with Soft Memory Earpads RGB LED Lights for Computer Laptop Mac","16,516"
$42.99,$42.99,25,"NUBWO U3 3.5mm Gaming Headset for PC, PS4, PS5, Laptop, Xbox One, Mac, iPad, Switch Games, Computer Game Gamer Over Ear Flexible Microphone Volume Control with Mic",6
$27.99,$27.99,54,"Prosonic DJ2KG Headsets with Boom Mic, Wired Over Ear Headphones for Business Meeting, Skype Zoom, PC Gaming,PS4, Xbox One, Discord, Podcast, Headset with SharePort & Volume Control (Black)","2,879"
$27.99,$27.99,79,"BINNUNE Wireless Gaming Headset with Microphone for PC PS4 PS5 Playstation 4 5, 2.4G Wireless Bluetooth USB Gamer Headphones with Mic for Laptop Computer","6,081"
$99.99,$99.99,124,"Gaming Headset Xbox One Headset with Stereo Surround Sound,PS4 Gaming Headset with Mic & LED Light Noise Cancelling Over Ear Headphones Compatible with PC, PS4,PS5, Xbox One,Mac","2,653"
$99.99,$99.99,69,"ASTRO Gaming A50 Wireless Headset + Base Station Gen 4 - Compatible With PS5, PS4, PC, Mac - Black/Silver",465
$79.99,$79.99,10,Edifier HECATE G2 II Gaming Headset - Noise Canceling USB Wired Headphones for PC/MAC/ PS4/ PS5 with 7.1 Surround Sound - Detachable Cat Ear and Micrphone - 50mm Drivers - LED RGB Light - Pink,874
$79.99,$79.99,43,"Razer Barracuda X Wireless Multi-Platform Gaming and Mobile Headset: 250g Ergonomic Design - Detachable HyperClear Mic - 20hrs Battery Life - Compatible w/PC, PS5, Switch, & Android - Black","15,367"
$69.99,$69.99,34,"SteelSeries Arctis 1 Wireless Gaming Headset for Xbox – USB-C Wireless – Detachable ClearCast Microphone – for Xbox One, Series X, PS4/PS5, PC, Nintendo Switch and Lite, Android",246
$69.99,$69.99,23,"Bluedee Wireless Gaming Headset for PS4/PS5/PC, 2.4GHz Ultra-Low Latency, Hi-Fi Lossless Sound Quality Gaming Headsets, Wireless Gaming Headphones with Noise Cancelling Microphone",179
$26.99,$26.99,19,"Gaming Headset for PS4 PS5 Xbox One PC Switch Laptop with 7.1 Surround Sound, Gaming Headphones with Noise Canceling Mic",559
$26.99,$26.99,39,"VOKYO Ultralight Gaming Headset PS4 Headset with 7.1 Surround Sound, Noise Cancelling Mic Flowing Gaming Headphone with LED Soft Memory Earmuffs-Works for Xbox One PS5 PS4 Controller PC Laptop",98
$33.99,$33.99,14,"ASUS ROG Delta Gundam Edition Gaming Headset (Limited Edition, AI Noise-Canceling Mic, Hi-Res ESS 9281 Quad DAC, USB-C, Aura Sync, Lightweight, Compatible with Laptop, Consoles, and Smart Devices)",29
$33.99,$33.99,29,"Gaming Headset for PS4 Xbox One PC PS5 Controller,Noise Cancelling Over Ear Headset with Microphone,Flip-to-Mute,Bass Surround Lightweight Headset Soft Memory Earmuffs for Laptop Mac",220
$19.99,$19.99,42,"BENGOO G9500 Gaming Headset Headphones for PS4 Xbox One PC Controller, Over Ear Headphones with 720° Noise Cancelling Mic, Bicolor LED Light, Soft Memory Earmuffs for Gamecube Super Nintendo PS5","1,790"
$19.99,$19.99,16,"BENGOO G9700 Gaming Headset Headphones for PS4 PS5 Xbox One PC Controller, Noise Canceling Over Ear Headphones with Mic, White LED Light, Bass Surround Sound for Gamecube Xbox 360 Game Boy",309
$29.90,$29.90,180,DIZA100 PS5 PS4 Gaming Headset with Microphone Surround Stereo PC Gaming Headphones RGB Light & Adjustable for Xbox one Laptop Mac,"7,054"
$29.90,$29.90,199,"Drop + Sennheiser PC38X Gaming Headset — Noise-Cancelling Microphone with Over-Ear Open-Back Design, Velour Earpads, Compatible with PC, PS4, PS5, Switch, Xbox, Mac, Mobile, and More",490
$15.86,$15.86,26,SteelSeries Arctis 7 - Lossless Wireless Gaming Headset with DTS Headphone: X v2.0 Surround - for PC and PlayStation 4 - Black,"12,478"
$15.86,$15.86,57,Logitech G533 Wireless Gaming Headset – DTS 7.1 Surround Sound – Pro-G Audio Drivers,"8,316"
$39.99,$39.99,13,"E-YEEGER Gaming Headset PS4 Headset with 7.1 Surround Sound Stereo Xbox One Headset, Gaming Headphones with Noise Canceling Mic & Memory Foam Ear Pads for PC/PS4/PS5/Xbox one/Nintendo Switch Blue",11
$39.99,$39.99,79,"NUBWO G06 Wireless Gaming Headset with Microphone for PS5, PS4, PC, Mac, 3-in-1 Gamer Headphones wit Mic, 2.4GHz Wireless for Playstation Console, Bluetooth Mode for Switch, Wired Mode for Controller","3,471"
$103.90,$103.90,37,"Logitech G733 Lightspeed Wireless Gaming Headset with Suspension Headband, LIGHTSYNC RGB, Blue VO!CE mic Technology and PRO-G Audio Drivers - White","5,879"
$103.90,$103.90,189,"Kikc PS4 Gaming Headset with Mic for Xbox One, PS5, PC, Mobile Phone and Notebook, Controllable Volume Gaming Headphones with Soft Earmuffs, Headphones for Kid","5,384"
$49.99,$49.99,84,"Turtle Beach Recon 500 Multiplatform Gaming Headset for Xbox Series X, Xbox Series S, Xbox One, PS5, PS4, PlayStation, Nintendo Switch, Mobile, & PC with 3.5mm - 60mm Dual Drivers, Memory Foam - Black","1,069"
$49.99,$49.99,23,Logitech G935 Wireless DTS:X 7.1 Surround Sound LIGHTSYNC RGB PC Gaming Headset - Black/Blue,"4,748"
$34.99,$34.99,29,"Targeal 7.1 Surround Sound PC Gaming Headset for PS4 PS5 Switch Laptop Tablet Mobile, Over Ear Wired USB Gaming Headphone with Omni-Directional Noise Canceling Mic, RGB LED Light, Type C Cable",173
$34.99,$34.99,4,"Sennheiser GSP 550 PC Gaming Headset with Dolby 7.1 Surround Sound, Flip-to-Mute microphone, USB connectivity for Dekstop and Laptop compatibility, Open-back ear cups, breathable fabric Headset, black",160
$67.89,$67.89,47,"KOFIRE UG-05 Wireless Gaming Headset for PS5, PS4, PC, 2.4Ghz Ultra Low Latency Bluetooth Gaming Headphones with Removable Mic, Soft Menory Earmuffs, 3.5mm Wired for Xbox Series",1
$67.89,$67.89,29,"ONIGAL Gaming Headset with Stereo Surround Sound, Gaming Headset with Mic & LED Light Noise Cancelling Over Ear Headphones for 360",4
$49.99,$49.99,39,"BINNUNE 2.4G/Bluetooth Wireless Gaming Headset with Microphone for PS4 PS5 Playstation 4 5, 48 Hours Playtime, PC USB Gamer Headphones with Mic for Laptop Computer",576
$49.99,$49.99,24,"NUBWO Gaming Headset for Xbox One PS4 PC Gaming and Nintendo Switch,Stereo Surround Noise Cancelling Over Ear Gaming Headphones with Mic Volume Control for Xbox 1 S Playstation 4 Laptop,PC,Mac,iPad…","2,386"
$32.99,$32.99,19,"Gaming Headset, Wasart Over Ear Gaming Headphones with Mic and LED Light, Noise Cancelling USB Headset with Lightweight Comfortable Memory Foam, Works on PC, PS4, PS5, Xbox One, Xbox Series X/S etc",79
$32.99,$32.99,9,"Gaming Headset with Mic, Super Light Wired Headphones, HD Stereo Sound Over Ear Headphones, LED Light, 120° Rotatable Noise Cancelling Mic, Soft Memory Earmuffs for Adults Kids PC Laptop Xbox One PS4",15
$29.95,$29.95,30,"Anivia AH28 Gaming Headset Noise Isolating Over Ear Headphones with Mic, Volume Control, Bass Surround, Soft Memory Earmuffs for Xbox One PS4 PC Laptop Mac Phones Nintendo Switch Games-Black Purple","3,544"
$29.95,$29.95,19,"Turtle Beach Battle Buds In-Ear Gaming Headset for Mobile & PC with 3.5mm, Xbox Series X, Xbox Series S, Xbox One, PS5, PS4, PlayStation, Switch – Lightweight, In-Line Controls - White/Teal","10,714"
$79.99,$79.99,59,"Pink Gaming Headset, EASARS Cat Ear Headphones, USB Headset with Retractable Noise Cancelling Mic, 7.1 Surround Sound, RGB Lights Headset for PC",89
$79.99,$79.99,203,Logitech G PRO X Wireless Lightspeed Gaming Headset - Shroud Edition,245
$39.99,$39.99,19,"Gaming Headset for PS4 PS5 Xbox One, PS4 Headset with Mic Stereo Surround Sound Headphones Noise Canceling",429
$39.99,$39.99,34,"Gaming Headset Xbox One Headset PS4 Headset with Crystal Clear Mic & LED Light, Compatible with PC, PS4, Xbox One Controller (Black red)",250
$99.99,$99.99,79,"Razer Nari Essential Wireless 7.1 Surround Sound Gaming Headset: THX Spatial Audio - Auto-Adjust Headband & Swivel Cups - Auto-Adjust - Flip Mic - for PC, PS4, PS5 Only - Black","6,916"
$99.99,$99.99,19,"Razer Kaira Wireless Gaming Headset for Xbox Series X|S, Xbox One: Triforce Titanium 50mm Drivers - Cardioid Mic - Breathable Memory Foam Ear Cushions - EQ Pairing Button - Windows Sonic - Black","2,441"
$45.99,$45.99,149,"ASUS Gaming Headset ROG DELTA | Headset with Mic and Hi-Res ESS Quad-DAC | Compatible Gaming Headphones for PC, Mac, PS4, Xbox One | Aura Sync RGB Lighting","1,386"
$45.99,$45.99,24,Hunterspider Gaming Headset Noise Cancelling Headphone with Microphone Surround Sound for PS4 Nintendo Switch Mac Xbox one(Adapter Not Included),756
$21.98,$21.98,29,"JBL Quantum 600, Wireless Over-Ear Performance Gaming Headset, Black","1,287"
$21.98,$21.98,18,PDP Gaming LVL40 Stereo Headset with Mic for Switch OLED - Noise Cancelling Microphone - Black & White - Nintendo Switch,"17,819"
$59.99,$59.99,14,Purple Gaming Headset for Xbox One PS4 Noise Cancelling Over-Ear Headphones with Microphone for Kids,118
$59.99,$59.99,130,"Cisco Headset 522, Wired Dual On-Ear 3.5mm Headset with USB-A Adapter, Charcoal, 2-Year Limited Liability Warranty (CP-HS-W-522-USB=), one-size/adjustable",7
$149.00,$149.00,29,"ONIGAL Gaming Headset with Stereo Surround Sound, Gaming Headset with Mic & LED Light Noise Cancelling Over Ear Headphones for 360",4
$149.00,$149.00,36,"Logitech G332 Wired Gaming Headset, Rotating Leatherette Ear Cups, 3.5 mm Audio Jack, Flip-to-Mute Mic, Lightweight for PC,Xbox One,Xbox Series X|S,PS5,PS4,Nintendo Switch, Black","2,345"
$19.99,$19.99,97,"Logitech G PRO Gaming Headset 2nd Generation Comfortable and Durable with PRO-G 50 mm Audio Drivers, Aluminum, Steel and Memory Foam, for PC,PS5,PS4 - Black","1,934"
$19.99,$19.99,119,"EPOS I SENNHEISER GSP 500 Wired Open Acoustic Gaming Headset, Noise-Cancelling Microphone, Adjustable Headband with Customizable Contact Pressure, Volume Control, PC + Mac + Xbox + PS4, Pro –Black/Red",683
$69.99,$69.99,22,"Wireless Gaming Headset, Real Game in-Ear Headset, Bluetooth Headset Touch Control, 10m Effective Connection, Headset Noise Reduction and Own LED Light, Long Game Time","1,013"
$69.99,$69.99,15,"BENGOO G16 Gaming Earbuds, in-Ear Gaming Headset, Gaming Earphones with Dual Microphone, Mic Mute and Volume Control, Wired Earbuds for PC Mobile PS4 5 Xbox Nintendo Switch Playstation,3.5MM Jack","9,765"
$28.99,$28.99,28,"HyperX Cloud Alpha - Gaming Headset, Dual Chamber Drivers, Legendary Comfort, Aluminum Frame, Detachable Microphone, Works on PC, PS4, PS5, Xbox One, Xbox Series X|S, Nintendo Switch and Mobile – Red",29
$28.99,$28.99,59,"Gaming Headset for PS5, PS4, Xbox Series X|S & Xbox, PC Gaming Headphone with 7.1 Surround Sound, Noise Canceling Mic- for Playstation 5, Mac",6
$27.99,$27.99,72,"SEAFER Adjustable Wrist Straps for Oculus Quest 2 / Meta Quest VR Gaming Headset Controller , PU Antiskid Soft Velcro Protection Strap for Oculus Quest 2 Accessories","5,671"
$27.99,$27.99,34,"Prosonic DJ2XG Headsets with Boom Mic, Wired Over Ear Headphones for Business Meeting, Skype Zoom, PC Gaming,PS4, Xbox One, Discord, Podcast, Headset with SharePort & Volume Control (Blue)",92
$39.99,$39.99,19,Hunterspider Gaming Headset Noise Cancelling Headphone with Microphone Surround Sound for PS4 Nintendo Switch Mac Xbox one(Adapter Not Included),756
$39.99,$39.99,12,REEYEAR Game Controller Holder Self Adhesive Tape Stick on Wall Mount for Universal PS4 Xbox One Steam/Nintendo Switch/PC Video Game Controller Headphone Stand Hanger Headset Holder 2 Pack Black,482
$39.99,$39.99,79,"KOFIRE UT-01 Wireless Gaming Headset for Nintendo Switch Lite OLED Model, 2.4GHz Ultra-Low Latency Bluetooth Gaming Headphone with Removable Microphone, USB-C to USB-A Adapter for PS5, PS4, PC","1,280"
$39.99,$39.99,9,"Gaming Headset for PC Mac Laptop Games,LED Light Headset Stereo 3.5 mm Wired Over Ear PS4 Gaming Headphone with Noise Cancelling Microphone (Black-Green)",111
$29.99,$29.99,37,"NUBWO G07 Wireless Gaming Headset with Microphone for PS5, PS4, PC, Mac ,2.4GHz Ultra-Low Latency,with 3D Surround Sound,Noise Cancelling MIC,Soft Memory Earmuffs (Xbox One in Wired Mode)",250
$29.99,$29.99,34,"Gaming Headset Xbox One Headset PS4 Headset with Crystal Clear Mic & LED Light, Compatible with PC, PS4, Xbox One Controller (Bblue)",2
$129.99,$129.99,26,"Gaming Headset PS5 PS4 Headset with Mic Noise Canceling Gaming Headphones 7.1 Sound Surround Over-Ear with RGB Lights 3.5mm Jack for PC Xbox One Computer, 2022 Comfort Upgrade","10,678"
$129.99,$129.99,19,"SADES Gaming Headset for Xbox One,PS4, PS5 PC Headphones with Microphone Mic for Nintendo Switch Playstation Computer, (Black)",68
$79.99,$79.99,120,"Monster Gaming Headset, Over-Ear Gaming Headphone with Noise Cancelling Mic, 7.1 Surround Sound Stereo, Adaptive Suspension Head Beam, Colorful RGB Light, Compatible with PC/Mac/PS4/Xbox One-(Black)","8,752"
$79.99,$79.99,18,"HyperX Cloud Alpha S - PC Gaming Headset, 7.1 Surround Sound, Adjustable Bass, Dual Chamber Drivers, Chat Mixer, Breathable Leatherette, Memory Foam, and Noise Cancelling Microphone – Blackout",18
$69.99,$69.99,39,"Gaming Headset with Active Noise Cancelling Mic, Over Ear Wired Gaming Headphone │Colorful RGB Lights, 3D Stereo Sound│Soft Memory Foam Earmuffs, 3.5mm Jack Compatible with PC PS4 PS5 Gamer",11
$69.99,$69.99,79,"1Mii Ankbit USB Gaming Headset for PC Laptop PS4/PS5 w/Virtual 7.1 Stereo 3D Surround Sound, 50mm Drivers USB Gaming Headphones Detachable Mic, RGB LED Light, Volume Control PC Gaming Headset -EG03",139
$29.71,$29.71,62,"XIBERIA S11 Wireless Gaming Headset 5.8GHz Surround Sound for PC,PS5,PS4 Anti-Interference Noise Cancelling Microphone.PC Gaming Headphone,Ultra-Low Latency,Lightweight,Wired Mode for Xbox One","3,424"
$29.71,$29.71,50,"EPOS I Sennheiser GAME ONE Gaming Headset, Open Acoustic, Noise-canceling mic, Flip-To-Mute, XXL plush velvet ear pads, compatible with PC, Mac, Xbox One, PS4, Nintendo Switch, and Smartphone - Black.","2,758"
$69.99,$69.99,20,"ASTRO Gaming A10 Wired Gaming Headset, Lightweight and Damage Resistant, ASTRO Audio, 3.5 mm Audio Jack, for Xbox Series X|S, Xbox One, PS5, PS4, Nintendo Switch, PC, Mac- Black","1,900"
$69.99,$69.99,59,"HyperX Cloud MIX - Wired Gaming Headset + Bluetooth, Game and Go, Detachable Microphone, Signature HyperX Comfort, Lightweight, Multi Platform Compatible - Black","5,621"
$24.99,$24.99,76,"Amazing 7 Bluetooth Gaming Headset, 72Hours Playtime, Game Music Dual Design, Heavy Bass Stereo, Noise Cancelling Headphones, Wireless Earbud with Mic, Snug Fit Earphones for PS4 Xbox (Graphite Black)",482
$24.99,$24.99,12,REEYEAR Game Controller Holder Self Adhesive Tape Stick on Wall Mount for Universal PS4 Xbox One Steam/Nintendo Switch/PC Video Game Controller Headphone Stand Hanger Headset Holder 2 Pack Black,"17,200"
$49.99,$49.99,59,Turtle Beach Recon 200 Amplified Gaming Headset for Xbox and PlayStation,"3,034"
$49.99,$49.99,21,Redragon H510 Zeus-X RGB Wired Gaming Headset - 7.1 Surround Sound - 53MM Audio Drivers in Memory Foam Ear Pads w/Durable Fabric Cover- Multi Platforms Headphone - USB Powered for PC/PS4/NS,"3,634"
$29.90,$29.90,19,"Nivava White Purple Gaming Headset for PS4, PC Headphones with Microphone LED Light Mic for Nintendo Switch PS5 Playstation Computer, K7 (White Purple)","22,757"
$29.90,$29.90,25,Supersonic IQ-480G - Green Pro-Wired Gaming Headset with Lights (Green),36
$17.99,$17.99,27,Pacrate Gaming Headset with Microphone for Laptop Xbox One Headset Computer PC Noise Cancelling Gaming Headphones with Microphone Stereo PS4 Headset for Kids Adults LED Lights Deep Bass,429
$17.99,$17.99,19,"Black Shark Gaming Headset for PC, PS4, PS5, Xbox, Switch, All-in-1 Gaming Headphones with Ultra-Clear Bendable Mic, 50mm Dynamic Drivers, Noise Isolation Ear Cushions, in-line Controls - Goblin X1",11
$49.99,$49.99,26,"Gaming Headset for PS4 PS5 Xbox One, PS4 Headset with Mic Stereo Surround Sound Headphones Noise Canceling",10
$49.99,$49.99,14,"E-YEEGER Gaming Headset PS4 Headset with 7.1 Surround Sound Stereo Xbox One Headset, Gaming Headphones with Noise Canceling Mic & Memory Foam Ear Pads for PC/PS4/PS5/Xbox one/Nintendo Switch Blue",21
$130.00,$130.00,34,"bitine X9 Wireless Earbuds Bluetooth 5.2 Headphones Waterproof Stereo Earphones in Ear Touch Control with Microphone Headset with Deep Bass for Sport, Gaming and Running",797
$130.00,$130.00,123,"2.4GHz Wireless Gaming Headset 30 Hours Playtime for PC, PS4, PS5, Nintendo TV, PC, 3.5MM Wired Mode for Xbox, Kofire Bluetooth Headphones w/HD/Mute Mic USB Adapter 38MS Low Latency, Comfy Soft Earpad","2,274"
$129.95,$129.95,79,"Massdrop x Sennheiser PC37X Gaming Headset — Noise-Cancelling Microphone with Over-Ear Open-Back Design, 10 ft Detachable Cable, and Velour Earpads,Black",326
$129.95,$129.95,15,"Turtle Beach Elite Pro 2 Performance Gaming Headset for PC & Mobile with 3.5mm, Xbox Series X, Xbox Series S, Xbox One, PS5, PS4, PlayStation, Nintendo Switch – 50mm Speakers, Metal Headband - Black","6,891"
$19.99,$19.99,12,"ONFINIO Gaming Headset PC Headphone with Surround Sound Stereo, PS4 Headset with Noise Canceling Mic & LED Light,Compatible with PC PS4 PS5 Xbox One Laptop Mac Phone Tablet",19
$19.99,$19.99,20,"Nivava Gaming Headset for PS4, PC Headphones with Microphone LED Light Mic for Nintendo Switch PS5 Playstation Computer, K6(Red)","7,716"
$89.99,$89.99,79,"Gaming Headset with Microphone for PC, Over Ear 3.5mm PC Headphone with Lightweight Design Noise Cancelling Volume Control for Laptop, Tablet(Pink)",300
$89.99,$89.99,21,"BlueFire Stereo Gaming Headset for Playstation 4 PS4 PS5, Over-Ear Headphones with Mic and LED Lights for Xbox One, PC, Laptop(Green)","17,819"
$24.99,$24.99,17,"Kofire UG-06 Wireless Gaming Headset for PS4 PS5 PC, 30H Playtime, Low Latency, Noise Cancelling Over Ear Bluetooth Gaming Headphones with Dual Mic, 3D Surround Sound, RGB Lighting",48
$24.99,$24.99,29,"PDP Gaming LVL40 Stereo Headset with Mic for Nintendo Switch - PC, iPad, Mac, Laptop Compatible - Noise Cancelling Microphone, Lightweight, Soft Comfort On Ear Headphones, 3.5mm jack - Yellow & Blue",27
$9.98,$9.98,76,"Amazing 7 Bluetooth Gaming Headset, 72Hours Playtime, Game Music Dual Design, Heavy Bass Stereo, Noise Cancelling Headphones, Wireless Earbud with Mic, Snug Fit Earphone for PS4 Xbox (Lavender Purple)",5
$9.98,$9.98,37,"FANTECH Sonata MH90 All-Platform Gaming Headset, 53mm Driver Headphone for PC, PlayStation 4 5, Xbox One S X, Nintendo Switch, VR, Android, and iOS, Black","3,745"
$49.99,$49.99,8,"HyperX Cloud Stinger - Gaming Headset, Official Licensed for PS4 and PS5, Lightweight, Rotating Ear Cups, Memory Foam, Comfort, Durability, Steel Sliders, Swivel-to-Mute Noise-Cancellation Mic",35
$49.99,$49.99,28,Gaming Headset PC Gaming Headphones with Microphone Noise Canceling RGB Lights Over-Ear 3.5mm for PC Xbox One PS4 PS5,2
$14.99,$14.99,39,ASTRO Gaming A10 Headset for Xbox One/Nintendo Switch / PS4 / PC and Mac - Wired 3.5mm and Boom Mic w/Velvet Pouch Bag - Bulk Packaging - (Green/Black),239
$14.99,$14.99,22,"Wireless Gaming Headset, Noise Cancelling Mic, Dual Chamber Driver, 3D Bass Surround Sound, Long Battery Life, Comfort Earmuffs, Over Ear Gaming Headphones for PC, Xbox, PS4/5, Nintendo Switch","4,484"
$24.99,$24.99,6,"Thrustmaster T.FLIGHT U.S. AIR FORCE EDITION GAMING HEADSET (PS5,PS4, XBOX Series X/S, One, PC)","2,080"
$24.99,$24.99,14,"Orzly Gaming Headset for PC and Gaming Consoles PS5, PS4, Xbox Series X | S, Xbox ONE, Nintendo Switch & Google Stadia Stereo Sound Headphones with Noise Cancelling mic - Hornet RXH-20 Abyss Edition","17,819"
$77.99,$77.99,21,"PDP LVL30 Wired Headset with Single-Sided One Ear Headphone for PC, Xbox - Mac, Tablet Compatible - Noise-Cancelling Mic - Lightweight, Cool Comfort, Great for Gaming , School and Remote Work - Black",11
$77.99,$77.99,99,"PDP Gaming LVL40 Stereo Headset with Mic for Nintendo Switch - PC, iPad, Mac, Laptop Compatible - Noise Cancelling Microphone, Lightweight, Soft Comfort On Ear Headphones - Mario Red & Blue",9
$36.99,$36.99,28,"LETTON Gold Wireless and Wired Gaming Headset with Detachable Mic - Playstation (PS4, PS5) PC - Dynamic EQ Compensation Pro Audio, Noise Cancelling Microphone, Ultra-Comfort Over-Ear Headphones","2,419"
$36.99,$36.99,279,"Gaming Headset, Hurround Hound Headset, Cool LED Light Headphone with Mic Light, PC Headset, Excellent Sound Quality Over-Ear Headset for PC, Xbox One, Xbox Series X|S, PS5, PS4, Black","3,731"
$79.99,$79.99,14,beyerdynamic MMX 300 (2nd Generation) Premium Gaming Headset,"4,612"
$79.99,$79.99,29,"EKSA E900 Wired Gaming Headset with Microphone for PC - PS4 Headset with Detachable Mic - 7.1 Surround Sound - Over Ear Wired Gaming Headphones Compatible with PS4, PS5, Xbox One, Computer, Laptop",54
$19.99,$19.99,29,"Wireless Headsets with Microphone Noise Cancelling, Bluetooth Headphones with Dual Mics & cVc8.0 Technology, 22Hrs Battery Life, Handsfree Headset with Mic for PC, Computer, Cell Phone, Gaming, Work",4
$19.99,$19.99,25,"Gaming Headset with Microphone for PC, Double Head Beam Suspended Soft Soft Memory Earmuffs, 7.1 Surround Sound Wired Headset LED Light for PS5, PC, PS4, iMac, Laptop",49
$22.99,$22.99,11,"PS5 Headset, Diswoe Gaming Headset 3.5mm Wired Over-Head Stereo Headphone with Mic Microphone Volume Control for PS4 PS5 PC Tablet Laptop Smartphone Xbox One","3,657"
$22.99,$22.99,195,PDP Gaming LVL50 Wireless Stereo Headset With Noise Cancelling Microphone: Black - PS5/PS4,169
$69.99,$69.99,59,"Gaming Headset Pink for PS4, PS5, Noise Cancelling Over Ear Headphones with Microphone LED Light Mic for Laptop, Mac, Nintendo, PS3 Games","3,008"
$69.99,$69.99,16,"Razer Nari Wireless 7.1 Surround Sound Gaming Headset: THX Audio, Auto-Adjust Headband & Swivel Cups, Chroma RGB, Retractable Mic, For PC, PS4, PS5, Black",126
$42.99,$42.99,59,"SOMIC GS510 Gaming Headset, Cat Ear Headset PC Gaming Headphones with Retractable Mic Noise Cancelling, 7.1 Stereo Sound, DIY Face Covers for PC, PS4, PS5, Black",53
$42.99,$42.99,29,"JRD&BS WINL Stereo Gaming Headset for Xbox One,PS4,PS5,PC,Laptop,Mic Headphones,Gaming Headphones with Mic for Computer Headset Mic with Noise Cancelling Headphones with Microphone Headset",264
$9.99,$9.99,49,"2.4GHz Wireless Gaming Headset for PS5, PS4, PC, Nintendo Switch, Dynamic EQ Ultra-Low Latency Bluetooth Gaming Headphones for Phone, 30H Playtime with Detachable Mic, 3.5MM Wired Mode for Xbox Series","2,580"
$9.99,$9.99,6,KAFRI RGB Headphone Stand with USB C Charger Desk Gaming Headset Holder Hanger Rack with 3 USB Charging Port and 2 Outlet - Suitable for Gamer Desktop Table Game Earphone Accessories Boyfriend Gifts,41
$45.99,$45.99,139,"LTC SoundSlave 2.4G Wireless/Wired Gaming Headset, Detachable Noise Canceling Microphone, Orange LED Light Headphones for PC Laptop Mac Games",47
$45.99,$45.99,99,"3.5mm Combo Headset Audio Adapter Splitter Cable for PS4, Xbox One S, Tablets, Mobile Phones, PC Gaming headsets and New laptops (3.5mm TRRS Female to Double 3.5mm TRS Male)",270
$149.99,$149.99,39,"NUBWO G05 Wireless Gaming Headset for PS5/PS4/PC Computer Headset with Dual Chamber Driver, Noise Cancelling Mic, Ultra Light Over-Ear Gaming Headphones, Long Time Working",173
$149.99,$149.99,49,Ajsaki Gaming Headset for Playstation 5 - PC Headset with Detachable Mic RGB Light Over-Ear Gaming Headphones 7.1 Surround Sound Compatible with PS4 PS5 Xbox One (Silver),5
$179.95,$179.95,129,"Logitech G535 Lightspeed Wireless Gaming Headset - Lightweight on-Ear Headphones, flip to Mute mic, Stereo, Compatible with PC, PS4, PS5, USB Rechargeable - Black",3
$179.95,$179.95,49,Targeal 7.1 Surround Sound Gaming Headset with Microphone - for PC/PS4/PS5/Switch/PC/Laptop - USB Wired Gamer Headphone with Noise Canceling Mic - 4 Modes RGB Light - White,13
$39.99,$39.99,179,EPOS H3 Hybrid - Closed Acoustic Gaming Headset With Bluetooth - USB-A PC & 3.5mm Console Cable - Dual Microphones - Lightweight - Easy Adjustment - Long Battery Life - Multi-Platform Compatible White,83
$39.99,$39.99,35,"Logitech G433 7.1 Wired Gaming Headset with DTS Headphone: X 7.1 Surround for PC, PS4, PS4 PRO, Xbox One, Xbox One S, Nintendo Switch – Triple Black",720
$199.00,$199.00,138,"Jeecoo J65 USB Gaming Headset for PC - 7.1 Surround Sound Heavy Bass Headphones with Unique Cushion Pads, Clear and Crystal Microphone - Plug & Play for Laptop Computers",90
$199.00,$199.00,169,"Razer Thresher For Xbox One: Windows Sonic Surround - Lag-Free Wireless Connection - Retractable Digital Microphone - Gaming Headset For PC, Xbox One, Xbox Series X & S","1,141"
$24.99,$24.99,189,"Sennheiser GSP 550 PC Gaming Headset with Dolby 7.1 Surround Sound, Flip-to-Mute microphone, USB connectivity for Dekstop and Laptop compatibility, Open-back ear cups, breathable fabric Headset, black",160
$24.99,$24.99,29,"Wall Mount for PS5 Playstation 5 Disc Edition and Digital Edition (Mounts The Console on Wall Near or Behind TV with Invisible Design), Including 2 Accessory Holders for Controller & Headset (Black)",519
$129.99,$129.99,164,"Logitech G633 Artemis Spectrum – RGB 7.1 Dolby and DTS Headphone Surround Sound Gaming Headset – PC, PS4, Xbox One, Switch, and Mobile Compatible – Exceptional Audio Performance – Black","3,126"
$129.99,$129.99,21,"Xbox One Headset with Mic LED Light On Ear Gaming Headphone PS4,3.5mm Wired Gaming Headset for PC Mac Laptop Nintendo Switch Gamer Headphone (Red)","4,990"
$18.99,$18.99,45,"Micolindun Gaming Headset for Xbox One, PS4, PC, Over Ear Gaming Headphones with Noise Cancelling Mic LED Light, Stereo Bass Surround, Soft Memory Earmuffs for Smart Phone, Laptops, Tablet","11,241"
$18.99,$18.99,110,ASTRO Gaming A50 Wireless Dolby Gaming Headset for PlayStation 4 & PC - Black/Blue (2017 Model),"2,773"
$24.99,$24.99,17,"VersionTECH. Gaming Headset for PS5/ PS4/ Xbox One/PC, Noise Canceling Over-Ear Headphones with Mic, LED Lights & Volume Console for Xbox 1 S/X, Playstation 5/4/Slim/Pro, Switch, Computer -Red",653
$24.99,$24.99,283,"Victrix Gambit Black Wireless and Wired Gaming Headset with Mic - Microsoft Xbox One, Series X|S, PC - Esports-Ready Pro Audio, Noise Cancelling Microphone, Ultra-Comfort Over the Ear Headphones",43
$19.99,$19.99,76,"Stereo Gaming Headset for PS4, PC, Mobile, Noise Cancelling Over Ear Headphones with Retractable and Flexible Mic & Soft Memory Earmuffs for Laptop Games-Purple",200
$19.99,$19.99,14,"Turtle Beach Elite Pro 2 + SuperAmp Performance Gaming Headset for Xbox Series X, Xbox Series S, Xbox One, PC, & Mobile with Bluetooth – Surround Sound, 50mm Speakers, Memory Foam – White","1,483"
$49.99,$49.99,15,"Amazing 7 Bluetooth Gaming Headset, 72Hours Playtime, Game Music Dual Design, Heavy Bass Stereo, Noise Cancelling Headphones, Wireless Earbud with Mic, Snug Fit Earphones for PS4 Xbox (Ivory White)",24
$49.99,$49.99,22,"Replacement Game Mic Compatible with Logitech G PRO X 7.1 / G Pro Wireless Gaming Headsets,Detachable to Eliminate Noise Clear Sound Quality Microphone",327
$149.99,$149.99,17,"Fachixy Gaming Headset for Xbox One PS4 PS5 PC Nintendo Switch, Gaming Headphones with RGB Light, Stereo Sound Xbox Headset, PS4 Headset with Mic, Noise Cancelling Headphones with 3.5mm Jack (Blue)",52
$149.99,$149.99,34,"DAREU Gaming USB Headset with 3.5mm for PS4/5 Xbox One with Stereo Surround Sound, Headphones with Noise Cancelling Mic, RGB Light, Bass Surround, Soft Memory Earmuffs for PC Laptop Mac Nintendo",507
$24.99,$24.99,29,"Zelher P30 Wireless Noise Cancelling Bluetooth Headset, Bluetooth Over Head Headphones With Bluetooth Headset Microphone",212
$24.99,$24.99,29,ABLEGRID Wireless Earbuds Bluetooth Gaming Headphones with Microphone High Sensitivity in-Ear Headset Touch Control Low Latency IPX6 Waterproof Stereo Earphones for Sport 32H Playtime Deep Bass Black,4
$79.99,$79.99,22,HP USB PC Gaming Headset with Microphone- 7.1 Virtual Surround Sound Game Headphones with Noise Cancelling Mic -Breathable Leatherette Memory Foam Earpads LED RGB Backlit for Computer/Laptops/PC,283
$79.99,$79.99,24,"PDP Gaming LVL40 Stereo Headset with Mic for Xbox One, Series X|S - PC, iPad, Mac, Laptop Compatible - Noise Cancelling Microphone, Lightweight, Soft Comfort On Ear Headphones, 3.5mm jack - Black",982
$49.99,$49.99,79,LETTON L2 Gaming Headset True Stereo Sound Headphones for PS4/Xbox/PC/MAC/Smart TV/with Noise Cancelling mic Volume Control,237
$49.99,$49.99,99,JBL Quantum 300 - Wired Over-Ear Gaming Headphones with JBL Quantum Engine Software - Black,"1,762"
$79.00,$79.00,72,"Audio-Technica ATH-GL3BK Closed-Back Gaming Headset, Black",8
$79.00,$79.00,30,"EasySMX Wireless Gaming Headset 2.4GHz with 7.1 Surround Sound Deep Bass & Retractable Noise Canceling Microphone, Wireless Headset with RGB Automatic Gradient Lighting, Suitable for PS4/PS5, PC",413
$199.99,$199.99,68,"gamingdio Black Gaming Headset Compatible with PS5, PS4, PC, Wired Noise Canceling Over Ear Headphone with Surround Sound, 3.5mm Microphone Noise Canceling LED Light Soft Memory Earmuffs","2,401"
$199.99,$199.99,39,"XIBERIA G01 Wireless Gaming Headset with Microphone 5.8GHz Anti-Interference for PC/PS5/PS4/MAC/Laptop,Lossless Ultra-Low Latency,Noise Cancelling MIC,Long Battery Life",576
$79.00,$79.00,19,"BINNUNE 2.4G/Bluetooth Wireless Gaming Headset with Microphone for PS4 PS5 Playstation 4 5, 48 Hours Playtime, PC USB Gamer Headphones with Mic for Laptop Computer",29
$79.00,$79.00,26,"Deucalion USB Wired Gaming Headset Over Ear Headphones Earbud for PS4 PC Laptop Xbox One PS5 Controller Nintendo Switch, with LED Light, Passive Noise Cancelling, Mic (White)",47
$99.00,$99.00,60,Reccazr Gaming Headset 7.1 Surround Sound Stereo - 5 Mode RGB Lights - Soft Memory Earmuffs - Wired USB Headphones with Noise Cancelling Mic for Windows 10/8.1/8 / 7 / Vista,"4,584"
$99.00,$99.00,167,"EPOS Sennheiser GSP 300 Gaming Headset with Noise-Cancelling Mic, Flip-to-Mute, Comfortable Memory Foam Ear Pads, Headphones for PC, Mac, Xbox One, PS4, Nintendo Switch, and Smartphone compatible.",178
$79.00,$79.00,42,Venom Sabre Universal Stereo Gaming Headset (PS4 / Xbox One / Switch / PC / Mac) (PS4),141
$79.00,$79.00,10,MOLGRIA Flexible Fabric Headbands for Steel Series Arctis 3 Arctis 5 Wire and Wireless PC PS3 PS4 PS9 Gaming Headsets Headphone(Aurora),6
$19.99,$19.99,60,"EPOS Sennheiser GSP 300 Gaming Headset with Noise-Cancelling Mic, Flip-to-Mute, Comfortable Memory Foam Ear Pads, Headphones for PC, Mac, Xbox One, PS4, Nintendo Switch, and Smartphone compatible.","4,584"
$19.99,$19.99,268,"Logitech Wireless Gaming Headset G930 with 7.1 Surround Sound, Wireless Headphones with Microphone","9,708"
$99.99,$99.99,16,"Blade Hawks RGB Gaming Headset Suitable for Xbox One, PS4, PC-Noise Cancelling Gaming Headphones with Microphone,Stereo Surround Sound,3.5mm Jack,USB Game Headsets Compatible with Phone Laptop Mac",847
$99.99,$99.99,12,"Gaming Headset with Microphone for PC, Over Ear 3.5mm PC Headphone with Lightweight Design Noise Cancelling Volume Control for Laptop, Tablet(Pink)",19
$15.99,$15.99,13,Gaming Earbuds 3.5mm Jack with Microphone Headset Gamer Noise Cancelling Stereo Wired Earphones with Detachable Mic Volume Control Headphone for Smart Phone PC Xbox One PS4 for iOS Android (Black 1),9
$15.99,$15.99,32,"Orange Gaming Headset for New Xbox One PS4 PC Laptop Tablet with Mic, Over Ear Headphones, Noise Canceling, Stereo Bass Surround for Kids Mac Smartphones Cellphone",434
$69.99,$69.99,14,"PS4 Gaming Headset with Mic - Anivia A9S Over Ear Computer Headsets Gaming Headphones for Xbox One, PS5, PC, Switch, Gamer with High-Sensitive Microphone, Stereo Surround Sound - Rose Gold Pink",152
$69.99,$69.99,59,Razer Base Station V2 Chroma: Chroma RGB Lighting - Non-Slip Rubber Base - Designed for Gaming Headsets - Classic Black,"7,099"
$29.99,$29.99,14,"Gaming Headset for Xbox one,PC,PS4,PS5,Laptop,Mac,iPad,Switch Games, Video Game Headset with Microphone LED Lights Noise Canceling Bass Surround Soft Memory Earmuffs for Game Competition-Red",288
$29.99,$29.99,78,HyperX Cloud Flight S Wireless Gaming Headset Detachable Microphone PC and PS4 Compatible (Renewed),276
$49.99,$49.99,21,"FEDIKER W3 Wireless Gaming Headset for PS5, PS4, PC, Playstation, Noise Cancelling Over Ear Headphones with Mic, Low Latency, RGB, Immersive 4D, Detachable Cute Cat Ear Headphones for Girls (White)",24
$49.99,$49.99,29,"ZIUMIER Z20 Gaming Headset for PS4, PS5, Xbox One, PC, Wired Over-Ear Headphone with Noise Canceling Microphone, 7.1 Surround Sound,Comfortable Earmuffs, White and Pink",437
$18.99,$18.99,15,"Headphone Stand with USB Charger COZOO Desktop Gaming Headset Holder Hanger with 3 USB Charger and 2 Outlets - Suitable for Gaming, DJ, Wireless Earphone Display (Black)","3,323"
$18.99,$18.99,20,"Gaming Headset with Microphone for PS5 PS4,Xbox One,Laptops,PC,Phones, Stereo Over Ear Gaming Headphones with Noise-Canceling Microphone and LED Light",275
$62.99,$62.99,79,Gaming Headset with Microphone for Xbox One PS4 PS5 Gaming Headset with Mic Over Ear Headphones RGB LED Lights Stereo Sound USB Gaming Headset with Noise Cancelling for PC Laptop Mac Computer Ipad,567
$62.99,$62.99,79,"SOMiC GS510 Cat Ear Headset Wireless Gaming Headphones for PS5/ PS4/ PC, Cute Headset 2.4G with Retractable Mic Noise Cancelling, 7.1 Stereo Sound, 8H Playtime, RGB Lighting, Black",22
$69.00,$69.00,19,RIG 500 PRO HA Gen 2 Competition Grade PC Gaming Headset with 3D Surround Sound,171
$69.00,$69.00,47,"Gaming Headset, PC Headset Surround Sound, Noise Canceling with Mic & LED Light, Compatible with PS5, PS4, Xbox One, Sega Dreamcast, PC, PS2, Laptop (Blue)",83
$99.00,$99.00,49,JLab Play Pro Gaming Wireless Headset | 60+ Hour Bluetooth 5 Playtime 60ms Super-Low Latency for Mobile Gameplay | Retractable Boom Mic | AUX Gaming Cord Compatible with Gaming Consoles,587
$99.00,$99.00,264,"SOMIC 2.4G Wireless Gaming Headset with Microphone for PS5, PS4, Computer Gamer Headphone with Stereo Sound, Detachable Mic, Soft Earmuffs, RGB LED Light, 10H+ Playtime (Xbox one in Wired Mode) GS401","3,306"
$49.99,$49.99,23,SteelSeries Arctis 7 - Lossless Wireless Gaming Headset with DTS Headphone: X v2.0 Surround - For PC and PlayStation 4 - White,102
$49.99,$49.99,26,LZYDD 2 in 1 Magnet Cover with Headband for SteelSeries Arctis Pro High Fidelity Gaming Headset/SteelSeries Arctis Pro Wireless Gaming Headset (color3-funny),88
$28.89,$28.89,19,"Snakebyte Xbox Headset Sx - Black/Green - Xbox Series Sx Stereo Gaming headphones, 40Mm audio Driver, detachable Microphone, Padded Headphones, 3, 5Mm Jack, Compatible",4
$28.89,$28.89,16,"VR Face Silicone Interfacial Cover, Face Cushion for Oculus Quest 2 VR Headset, Sweatproof Lightproof Anti-Leakage Oculus Quest 2 Accessories, with Cleaning Tools(Black+Red)",321
$39.99,$39.99,25,"DIWUER Gaming Headset for Nintendo Switch, PS4, Xbox One with Noise Cancelling Mic, Soft Earmuffs Surround Sound Over Ear Headphones with LED Light for PC, Laptop","2,648"
$39.99,$39.99,24,RGB Headphone Stand with Wireless Charger KAFRI Desk Gaming Headset Holder Hanger Rack with 10W/7.5W Fast Charge QI Wireless Charging Pad - Suitable for Gamer Desktop Table Game Earphone Accessories,"2,044"
$27.99,$27.99,20,Hunterspider Gaming Headset Noise Canceling Headphone with Microphone LED Light for PS4 Nintendo Switch Xbox One PC and Sony PSP Adapter Not Included,"1,177"
$27.99,$27.99,25,"SOULION S10 Gaming Headset with Microphone, RGB Lights PC Headphones with Noise Canceling Mic for PS4, PC, Xbox One, Soft Memory Earmuffs Headsets for PS5 Laptop Mac Mobile",42
$39.99,$39.99,25,"Ajsaki PS5 Gaming Headset with Microphone, PC Headset with Detachable Mic, Noise Cancelling Over-Ear Gaming Headphones with RGB LED Light, 7.1 Surround Sound for Nintendo Xbox One PS4 PS5 (Red)",2
$39.99,$39.99,127,"ROCCAT Syn Pro Air Wireless PC Gaming Headset, Lightweight, 3D Audio Surround Sound, Noise Cancelling Microphone, RGB AIMO Lighting, All-Day Battery Life, Computer Gamer Headphones, Black",77
$149.99,$149.99,69,"Karvipark H-10 Gaming Headset for Xbox One/PS4/PS5/PC/Nintendo Switch|Noise Cancelling,Bass Surround Sound,Over Ear,3.5mm Stereo Wired Headphones with Mic for Clear Chat","13,396"
$149.99,$149.99,35,"3D Haptic Vibration Wireless Gaming Headset Compatible with Nintendo Switch/PS5/PS4/PC with 3.5 MM Detachable Mic, EUROA Bluetooth Foldable Headphones with Mute Microphone, 50FT Range,40H Play Time",29
$41.99,$41.99,29,"Digifast Gaming Headset Apollo Series X2, Lightweight, Noise-Canceling Adjustable Microphone, Remote Vol/Mic Control, Plug & Play, for PC, PS4, Nintendo Switch, 3.5 Mm Audio Jack",5
$41.99,$41.99,67,"Ajsaki M180 Pro Gaming Headsets, Stereo Playstation 5 Headset with Microphone, Wired PC Headset with Noise Cancelling Mic, Over-Ear Gaming Headphones for PC/MAC/PS4/PS5/Nintendo Switch/Xbox One",55
$39.99,$39.99,16,"Gaming Headset with Mic for Xbox One PS4 PS5 PC Switch Tablet Smartphone, Headphones Stereo Over Ear Bass 3.5mm Microphone Noise Canceling 7 LED Light Soft Memory Earmuffs(Free Adapter)","8,834"
$39.99,$39.99,16,"Bluetooth Over Ear Headphones with 110Hrs Playtime, OneOdio Wired Gaming Stereo Headsets with Boom Mic for PS4, Xbox one, PC, Wireless Headset for Phones, Laptop, Office - Studio Wireless(Y80B) (Red)","1,942"
$99.99,$99.99,59,"Xbox Stereo Headset for Xbox Series X|S, Xbox One, and Windows 10 Devices","3,313"
$99.99,$99.99,75,"Lenovo Legion H500 PRO 7.1 Surround Sound Gaming Headset, Noise-Cancelling Mic, Memory Foam & PU Leather Earcups, Stainless Steel Headband, PC, PS4, Xbox One, Nintendo Switch, GXD0T69864, Black",240
$79.99,$79.99,59,"Nivava K11 Gaming Headset, PS4 Headset with Noise Canceling Microphone, Over-Ear Gaming Headphones with Surround Sound, Soft Earmuff & RGB Light for PC PS5 Nintendo Switch Mac Laptop (Black)",505
$79.99,$79.99,39,"Gaming Headset for PS4 PC PS5, Noise Canceling Over Ear Gaming Headphones with Microphone,Bass Stereo Sound, Flowing RGB Lights, Comfortable Earmuffs for Laptop Mac",127
$29.99,$29.99,25,"WeIM Gaming Headset Virgo M58 7.1 Surround Sound for PC, Intelligent Vibration, 50mm Driver, Strong Bass, Flexible Sensitive Mic, LED Illumination, USB Connector, Compatible with PS",71
$29.99,$29.99,10,MOLGRIA Flexible Fabric Headbands for Steel Series Arctis 3 Arctis 5 Wire and Wireless PC PS3 PS4 PS9 Gaming Headsets Headphone(Black Texture),6
$63.98,$63.98,59,"Redragon H510 Zeus Wired Gaming Headset - 7.1 Surround Sound - Memory Foam Ear Pads - 53MM Drivers - Detachable Microphone - Multi-Platforms Headphone - Works with PC, PS4/3 & Xbox One/Series X, NS","3,034"
$63.98,$63.98,33,"EasySMX 2.4G Wireless Gaming Headset PS5/PS4/PC V07W Gaming Headphones with Detachable Noise Cancellation Microphone, RGB Lighting, Over-Ear Memory Foam Computer Headset with 7.1 Surround Deep Bass","1,408"
$33.99,$33.99,29,ETWAR USB Gaming Headset with Microphone 7.1 Surround Sound Gaming Headphones Mic Noise Cancelling Game Headset Memory Foam Ear Pads RGB Lights Headset for PC PS/4 Laptops MAC,284
$33.99,$33.99,89,"SIMGAL Pink Gaming Headset with Mic, Compatible with PS4 PS5 Xbox One(Adapter Not Included) PC Mobile Phone, Removable Cat Ear Surround Sound Headphone with RGB for Girls Women",25
$99.99,$99.99,69,"ROCCAT Elo 7.1 Air PC Wireless Gaming Headset, Surround Sound Headphones with Detachable Noise Cancelling Microphone, 50mm Drivers, 24 Hr Battery Life, RGB Lighting, Black","1,336"
$99.99,$99.99,97,RIG 500 PRO HX GEN 2 Competition Grade Xbox Gaming Headset with Dolby Atmos 3D Audio,33
$24.99,$24.99,29,"EPOS I SENNHEISER GAME ZERO Gaming Headset, Closed Acoustic with Noise Cancelling Microphone, Foldable, Flip-to-mute, Ligthweight, PC, Mac, Xbox One, PS4, Nintendo Switch, and Smartphone compatible.","1,613"
$24.99,$24.99,39,"BUTFULAKE GH-1 Gaming Headset for PS5, PS4, Xbox One, Xbox One S, PC, Nintendo Switch, Mac, Laptop, 3.5mm Wired Pro Stereo Over Ear Gaming Headphones with Noise Cancelling Mic, LED Light, Black","1,566"
$20.99,$20.99,16,"TUMAN Pro Gaming Headset for Noise Cancelling On Ear Headphones with Mic,with led Lights and Stereo Channels,for PS4,PS5, PC, Xbox One,Switch,for Kids Adults (Blue)",1
$20.99,$20.99,49,"PuroGamer 2.0 Volume Limiting Gaming Headset–for Kids and Adults with Dynamic Sound and Noise-Canceling Gaming Mic for PC, Mac, PS4, Xbox 1, iPad, Mobile Phone by Puro Sound Labs",5
$24.99,$24.99,19,"SADES USB 7.1 Stereo Surround Sound Gaming Headset with Mic LED Light, Noise Cancelling Gamer Headphones with Volume-Control for PC Mac Computer Games (Red)",571
$24.99,$24.99,9,"Headphone Stand Gaming Headset Holder with RGB Light,Suitable for Most Headphone Such as Gaming Headphone/Bluetooth Headphone/Telephone Headset",2
$49.99,$49.99,19,"SADES SA930Plus Stereo Gaming Headset Noise Isolating Headphones with Mic,Volume-Control, Bass, Soft Memory Earmuffs for PS4 Pro Xbox One PC Computers Laptop Mac Phones Tablet Nintendo Switch Games","2,729"
$49.99,$49.99,13,Stereo Gaming Headset，SADES Noise Cancelling 3.5mm Over-Ear Headphones with Microphone and Volume Control for PC Xbox One PS4 PS5 Laptop Mac Nintendo Games,271
$21.99,$21.99,25,"Cat Ear Gaming Headphones Wired AUX 3.5mm with LED Light, VIGROS Flashing Stereo Game Headphones Surround Sound Over-Ear Headsets with Microphone Fit Kids & Adult for PC, PS4, Switch, Mobile, Laptop",185
$21.99,$21.99,13,"HP Wired Stereo Gaming Headset with mic, for PS4, Xbox One, Nintendo Switch, PC, Mac, Laptop, Over Ear Headphones PS4 Headset Xbox One Headset and LED Light","4,017"
$19.99,$19.99,34,"Replacement Gaming Headphone Mic Compatible for Kingston HyperX Cloud Alpha S/Alpha Gaming Headset,with Foam Cover Noise Cancelling 3.5mm Detachable Headsets Micphone Boom",26
$19.99,$19.99,39,"Butfulake Noise Cancelling PC Headset with Mic,PS4 Gaming Headset with 7.1 Surround Sound Stereo for PS5 Switch,Omnidirectional Microphone Vibration LED Light,Compatible with Mac/Laptop,Camo Green","4,920"
$34.99,$34.99,21,"Gaming Headset Xbox one Headset with Mic Stereo Gaming Headset, Noise Immunity Swivel Mic & LED Light, Suspension Headband PS4 VR Headphone Compatible with PC PS5 Xbox One (Rose)",217
$34.99,$34.99,39,"YOTMS Q8 Wireless - Wired Gaming Headset for PC, PS4, PS5, Switch, Bluetooth Over-Ear Headphones with Detachable Noise Canceling Microphone, 7.1 Sound with Low Latency, 30 Hours Playtime (Silver)",230
$39.99,$39.99,29,"Wireless and Wired Dual-Mode Rechargeable Gaming Mouse with 7 Programmable Buttons, RGB and 7 Adjustable DPI Levels up to [10000DPI] [150IPS] [1000Hz Polling Rate] for PC and Notebook Gamer (Black)",344
$39.99,$39.99,89,"NUBWO X Wireless Gaming Headset with Microphone for PS5, PS4, PC, Mac, Gamer Headphones wit Mic, 2.4GHz Wireless for Playstation Console, Wired Mode for Controller",217
$39.99,$39.99,29,"Gaming Headset, Over-Ear Gaming Headphones with Noise Canceling Mic, Stereo Bass Surround Sound, Lightweight Memory Earmuffs LED Light PC headsets for PS4 PS5 Switch PC Nintendo Switch",5
$39.99,$39.99,34,"Gaming Headset Xbox one Headset with Mic Stereo Gaming Headset, Noise Immunity Swivel Mic & LED Light, Suspension Headband PS4 VR Headphone Compatible with PC PS5 Xbox One (Bblue)","2,386"
$29.95,$29.95,11,MOLGRIA Replacement Headband for Corsair Void RGB Elite Wireless Premium Gaming Headset 7.1 Surround Sound Headphone CA-9011202-NA (Fabric Black),"48,905"
product_cost,product_cost_offer,product_name,product_rating_count
,,,
,,,
,,,
,,,
,,,
,,,
,,,
,,,
,,,
,,,
,,,
,,,
,,,
,,,
,,,
,,,
,,,
,,,
,,,
,,,
,,,
,,,
,,,
,,,
,,,
,,,
,,,
,,,
,,,
,,,
,,,
,,,
,,,
,,,
,,,
,,,
,,,
,,,
,,,
,,,
,,,
,,,
,,,
,,,
,,,
,,,
,,,
,,,
,,,
,,,
,,,
,,,
,,,
,,,
,,,
,,,
,,,
,,,
,,,
,,,
,,,
,,,
,,,
,,,
,,,
,,,
,,,
,,,
,,,
,,,
,,,
,,,
,,,
,,,
,,,
,,,
,,,
,,,
,,,
,,,
,,,
,,,
,,,
,,,
,,,
,,,
,,,
,,,
,,,
,,,
,,,
,,,
,,,
,,,
,,,
,,,
,,,
,,,
,,,
,,,
,,,
,,,
,,,
,,,
,,,
,,,
,,,
,,,
,,,
,,,
,,,
,,,
,,,
,,,
,,,
,,,
,,,
,,,
,,,
,,,
,,,
,,,
,,,
,,,
,,,
,,,
,,,
,,,
,,,
,,,
,,,
,,,
,,,
,,,
,,,
,,,
,,,
,,,
,,,
,,,
,,,
,,,
,,,
,,,
,,,
,,,
,,,
,,,
,,,
,,,
,,,
,,,
,,,
,,,
,,,
,,,
,,,
,,,
,,,
,,,
,,,
,,,
,,,
,,,
,,,
,,,
,,,
,,,
,,,
,,,
,,,
,,,
,,,
,,,
,,,
,,,
,,,
,,,
,,,
,,,
,,,
,,,
,,,
,,,
,,,
,,,
,,,
,,,
,,,
,,,
,,,
,,,
,,,
,,,
,,,
,,,
,,,
,,,
,,,
,,,
,,,
,,,
,,,
,,,
,,,
,,,
,,,
,,,
,,,
,,,
,,,
,,,
,,,
,,,
,,,
,,,
,,,
,,,
,,,
,,,
,,,
,,,
,,,
,,,
,,,
,,,
,,,
,,,
,,,
,,,
,,,
,,,
,,,
,,,
,,,
,,,
,,,
,,,
,,,
,,,
,,,
,,,
,,,
,,,
,,,
,,,
,,,
,,,
,,,
,,,
,,,
,,,
,,,
,,,
,,,
,,,
,,,
,,,
,,,
,,,
,,,
,,,
,,,
,,,
,,,
,,,
,,,
,,,
,,,
,,,
,,,
,,,
,,,
